season,match_date,opponent,actual,v17,v17_abs_error
2022/2023,2022-07-16 15:00:00,Stal M.,12421.0,9496.095476169512,2924.904523830488
2022/2023,2022-07-31 17:30:00,Wisła Pł.,14131.0,14034.419575539703,96.58042446029684
2022/2023,2022-08-14 20:00:00,Śląsk,11627.0,22267.28191914627,10640.28191914627
2022/2023,2022-08-28 17:30:00,Piast,11223.0,17829.94882320665,6606.948823206651
2022/2023,2022-09-04 17:30:00,Widzew,23725.0,22835.623008112576,889.3769918874241
2022/2023,2022-10-01 17:30:00,Legia,35410.0,35639.196006300524,229.1960063005245
2022/2023,2022-10-09 17:30:00,Radomiak,20883.0,20680.56256928369,202.43743071630888
2022/2023,2022-10-30 17:30:00,Raków,22817.0,19378.913377228684,3438.086622771316
2022/2023,2022-11-06 17:30:00,Korona,12745.0,21941.03638570266,9196.03638570266
2022/2023,2023-02-05 15:00:00,Miedź,10820.0,10632.06125712076,187.93874287923973
2022/2023,2023-02-19 15:00:00,Zagłębie L.,13074.0,12978.234163478191,95.76583652180852
2022/2023,2023-03-03 20:30:00,Lechia,12541.0,18682.33752140493,6141.33752140493
2022/2023,2023-04-02 17:30:00,Pogoń,32119.0,31313.600884261505,805.3991157384953
2022/2023,2023-04-08 20:00:00,Warta,20622.0,25228.891861001342,4606.891861001343
2022/2023,2023-04-30 17:30:00,Górnik Z.,28112.0,38208.34463437827,10096.34463437827
2022/2023,2023-05-06 17:30:00,Cracovia,31123.0,23785.80547352268,7337.19452647732
2022/2023,2023-05-27 17:30:00,Jagiellonia,39123.0,30210.5759423144,8912.4240576856
2023/2024,2023-07-30 17:30:00,Radomiak,23198.0,12994.271780523322,10203.728219476678
2023/2024,2023-09-02 20:00:00,Górnik Z.,22047.0,23997.953092180363,1950.9530921803637
2023/2024,2023-09-23 20:00:00,Stal M.,15527.0,18052.74621202833,2525.746212028331
2023/2024,2023-09-28 20:00:00,Raków,21874.0,14645.222250722676,7228.777749277324
2023/2024,2023-10-06 20:40:00,Puszcza,25755.0,18815.536043332293,6939.463956667707
2023/2024,2023-10-21 20:00:00,ŁKS,25026.0,24546.022046231945,479.9779537680552
2023/2024,2023-10-24 18:00:00,Jagiellonia,15372.0,17229.24245695143,1857.2424569514296
2023/2024,2023-11-04 20:00:00,Ruch,24086.0,23508.003637900303,577.9963620996969
2023/2024,2023-11-26 17:30:00,Widzew,25811.0,23828.60003122422,1982.3999687757787
2023/2024,2023-12-10 12:30:00,Piast,14104.0,14305.735088705726,201.7350887057255
2023/2024,2024-02-10 20:00:00,Zagłębie L.,18256.0,12690.886011476008,5565.113988523992
2023/2024,2024-02-24 17:30:00,Śląsk,32568.0,16250.769927565578,16317.230072434422
2023/2024,2024-03-15 20:30:00,Warta,23361.0,17524.89276376564,5836.107236234358
2023/2024,2024-04-07 15:00:00,Pogoń,34207.0,25870.406570918472,8336.593429081528
2023/2024,2024-04-28 17:30:00,Cracovia,40362.0,32387.33622959996,7974.663770400039
2023/2024,2024-05-12 17:30:00,Legia,40278.0,39482.43161070383,795.5683892961679
2023/2024,2024-05-25 17:30:00,Korona,20653.0,22720.5575980456,2067.557598045601
2024/2025,2024-07-21 17:30:00,Górnik Z.,19620.0,24044.12325972119,4424.123259721189
2024/2025,2024-08-03 20:15:00,Lechia,20383.0,13970.980324255215,6412.019675744785
2024/2025,2024-08-25 17:30:00,Pogoń,29156.0,24126.37312557824,5029.626874421763
2024/2025,2024-09-14 20:15:00,Jagiellonia,32365.0,28682.394495651068,3682.605504348932
2024/2025,2024-09-22 17:30:00,Śląsk,34285.0,34272.520954827254,12.479045172745828
2024/2025,2024-10-05 20:15:00,Motor,24368.0,29458.792086223133,5090.792086223133
2024/2025,2024-10-26 20:15:00,Radomiak,32648.0,28948.690979106133,3699.3090208938665
2024/2025,2024-11-10 17:30:00,Legia,40838.0,42811.25523882332,1973.2552388233237
2024/2025,2024-11-23 17:30:00,GKS K.,28254.0,30910.780013703086,2656.7800137030863
2024/2025,2025-01-31 20:30:00,Widzew,30542.0,23668.92143859989,6873.078561400111
2024/2025,2025-02-14 20:30:00,Raków,28247.0,26573.42338322939,1673.5766167706097
2024/2025,2025-02-23 17:30:00,Zagłębie L.,16610.0,27234.824079790425,10624.824079790424
2024/2025,2025-03-08 20:15:00,Stal M.,23281.0,29328.09209035548,6047.09209035548
2024/2025,2025-04-05 20:15:00,Korona,37457.0,32151.36457512801,5305.635424871991
2024/2025,2025-04-21 20:15:00,Cracovia,27708.0,28636.28938950909,928.2893895090892
2024/2025,2025-05-03 20:15:00,Puszcza,25226.0,32502.497483144394,7276.497483144394
2024/2025,2025-05-24 17:30:00,Piast,41109.0,32659.21923252331,8449.780767476688
2025/2026,2025-07-18 20:30:00,Cracovia,29123.0,25045.46977299145,4077.530227008549
2025/2026,2025-08-02 20:15:00,Górnik Z.,31223.0,29655.995284866167,1567.004715133833
2025/2026,2025-08-16 20:15:00,Korona,24303.0,28316.65767527375,4013.657675273749
2025/2026,2025-08-31 17:30:00,Widzew,32877.0,30907.71555999389,1969.2844400061117
2025/2026,2025-09-12 20:30:00,Zagłębie L.,24618.0,27876.051134161287,3258.051134161288
2025/2026,2025-09-28 14:45:00,Jagiellonia,35299.0,36978.6751940218,1679.675194021802
2025/2026,2025-10-19 14:45:00,Pogoń,39496.0,29458.88172558969,10037.11827441031
2025/2026,2025-11-02 14:45:00,Motor,22692.0,26853.126908824222,4161.126908824223
2025/2026,2025-11-23 14:45:00,Radomiak,33877.0,30770.114732155347,3106.885267844653
2025/2026,2026-01-31 20:15:00,Lechia,17827.0,15075.403890029642,2751.596109970358
2025/2026,2026-02-15 17:30:00,Piast,14638.0,15187.445084226154,549.445084226154
2025/2026,2026-03-01 17:30:00,Raków,26824.0,29906.092959354795,3082.0929593547958
2025/2026,2026-03-22 14:45:00,Termalica,36239.0,34934.014494129864,1304.985505870136
2025/2026,2026-04-12 17:30:00,GKS K.,35145.0,35166.849370151445,21.849370151445328
2025/2026,2026-04-26 17:30:00,Legia,40810.0,43269.0,2459.0
2025/2026,2026-05-08 20:30:00,Arka,41598.0,40353.66628922783,1244.3337107721673
2025/2026,2026-05-23 17:30:00,Wisła Pł.,41529.0,37946.83606574968,3582.1639342503186
