season,match_date,opponent_key,lech_position_at_cutoff,opponent_position_at_cutoff,lech_matches_played_at_cutoff,opponent_matches_played_at_cutoff,cutoff_local,completed_league_matches_before_cutoff,league_team_count
2017/2018,2017-07-16T18:00:00+02:00,sandecja,6,11,0,0,2017-07-09T18:00:00+02:00,0,16
2017/2018,2017-07-30T18:00:00+02:00,piast,10,11,1,2,2017-07-23T18:00:00+02:00,13,16
2017/2018,2017-08-12T18:00:00+02:00,zaglebie_lubin,6,3,3,3,2017-08-05T18:00:00+02:00,26,16
2017/2018,2017-08-27T15:30:00+02:00,arka,5,9,5,6,2017-08-20T15:30:00+02:00,45,16
2017/2018,2017-09-15T20:30:00+02:00,korona,1,9,7,7,2017-09-08T20:30:00+02:00,56,16
2017/2018,2017-10-01T18:00:00+02:00,legia,2,4,10,9,2017-09-24T18:00:00+02:00,77,16
2017/2018,2017-10-27T20:30:00+02:00,wisla_krakow,1,5,12,12,2017-10-20T20:30:00+02:00,96,16
2017/2018,2017-11-26T15:30:00+01:00,wisla_plock,6,10,16,16,2017-11-19T15:30:00+01:00,125,16
2017/2018,2017-12-10T18:00:00+01:00,cracovia,5,13,17,17,2017-12-03T18:00:00+01:00,141,16
2017/2018,2017-12-17T15:30:00+01:00,termalica,5,15,18,19,2017-12-10T15:30:00+01:00,149,16
2017/2018,2018-02-18T18:00:00+01:00,pogon,2,16,21,22,2018-02-11T18:00:00+01:00,173,16
2017/2018,2018-02-28T20:30:00+01:00,slask,3,10,23,23,2018-02-21T20:30:00+01:00,184,16
2017/2018,2018-03-11T15:30:00+01:00,jagiellonia,4,1,25,25,2018-03-04T15:30:00+01:00,205,16
2017/2018,2018-03-16T20:30:00+01:00,lechia,4,12,26,26,2018-03-09T20:30:00+01:00,208,16
2017/2018,2018-04-07T18:00:00+02:00,gornik_zabrze,3,4,28,28,2018-03-31T18:00:00+02:00,224,16
2017/2018,2018-04-13T20:30:00+02:00,korona,2,6,29,29,2018-04-06T20:30:00+02:00,232,16
2017/2018,2018-04-28T20:30:00+02:00,gornik_zabrze,1,4,32,31,2018-04-21T20:30:00+02:00,250,16
2017/2018,2018-05-09T20:30:00+02:00,jagiellonia,2,3,33,33,2018-05-02T20:30:00+02:00,264,16
2017/2018,2018-05-20T18:00:00+02:00,legia,3,1,35,35,2018-05-13T18:00:00+02:00,284,16
2018/2019,2018-08-19T18:00:00+02:00,wisla_krakow,2,7,3,4,2018-08-12T18:00:00+02:00,28,16
2018/2019,2018-09-01T20:30:00+02:00,piast,1,3,5,6,2018-08-25T20:30:00+02:00,42,16
2018/2019,2018-09-30T18:00:00+02:00,miedz,7,9,9,9,2018-09-23T18:00:00+02:00,69,16
2018/2019,2018-10-20T20:30:00+02:00,korona,7,6,11,11,2018-10-13T20:30:00+02:00,88,16
2018/2019,2018-11-04T18:00:00+01:00,lechia,6,1,13,13,2018-10-28T18:00:00+01:00,101,16
2018/2019,2018-11-24T18:00:00+01:00,wisla_plock,8,10,15,15,2018-11-17T18:00:00+01:00,120,16
2018/2019,2018-12-07T20:30:00+01:00,slask,8,11,16,16,2018-11-30T20:30:00+01:00,128,16
2018/2019,2019-02-08T20:30:00+01:00,zaglebie_lubin,3,11,20,20,2019-02-01T20:30:00+01:00,160,16
2018/2019,2019-02-23T18:00:00+01:00,legia,7,2,22,21,2019-02-16T18:00:00+01:00,170,16
2018/2019,2019-03-03T18:00:00+01:00,arka,5,11,23,23,2019-02-24T18:00:00+01:00,181,16
2018/2019,2019-03-15T20:30:00+01:00,gornik_zabrze,5,13,24,24,2019-03-08T20:30:00+01:00,192,16
2018/2019,2019-04-03T18:00:00+02:00,pogon,6,4,26,26,2019-03-27T17:00:00+01:00,208,16
2018/2019,2019-04-13T18:00:00+02:00,jagiellonia,6,9,28,28,2019-04-06T18:00:00+02:00,226,16
2018/2019,2019-04-24T20:30:00+02:00,legia,8,2,30,30,2019-04-17T20:30:00+02:00,240,16
2018/2019,2019-05-04T18:00:00+02:00,zaglebie_lubin,7,5,32,33,2019-04-27T18:00:00+02:00,258,16
2018/2019,2019-05-15T20:30:00+02:00,lechia,7,3,34,34,2019-05-08T20:30:00+02:00,272,16
2019/2020,2019-07-26T20:30:00+02:00,wisla_plock,6,15,0,0,2019-07-19T20:30:00+02:00,0,16
2019/2020,2019-08-09T20:30:00+02:00,slask,3,2,2,2,2019-08-02T20:30:00+02:00,16,16
2019/2020,2019-09-01T17:30:00+02:00,cracovia,4,5,6,6,2019-08-25T17:30:00+02:00,43,16
2019/2020,2019-09-20T20:30:00+02:00,jagiellonia,6,2,7,7,2019-09-13T20:30:00+02:00,55,16
2019/2020,2019-10-05T17:30:00+02:00,wisla_krakow,9,11,9,9,2019-09-28T17:30:00+02:00,73,16
2019/2020,2019-10-25T20:30:00+02:00,zaglebie_lubin,5,10,11,11,2019-10-18T20:30:00+02:00,88,16
2019/2020,2019-11-10T15:00:00+01:00,korona,9,15,14,14,2019-11-03T15:00:00+01:00,107,16
2019/2020,2019-11-22T20:30:00+01:00,piast,9,2,15,15,2019-11-15T20:30:00+01:00,120,16
2019/2020,2019-12-07T17:30:00+01:00,lks,7,15,17,16,2019-11-30T17:30:00+01:00,130,16
2019/2020,2019-12-19T20:30:00+01:00,arka,6,13,18,18,2019-12-12T20:30:00+01:00,144,16
2019/2020,2020-02-08T17:30:00+01:00,rakow,5,11,20,20,2020-02-01T17:30:00+01:00,160,16
2019/2020,2020-02-23T17:30:00+01:00,lechia,5,6,21,22,2020-02-16T17:30:00+01:00,173,16
2019/2020,2020-03-03T18:00:00+01:00,gornik_zabrze,5,12,23,23,2020-02-25T18:00:00+01:00,184,16
2019/2020,2020-07-04T17:30:00+02:00,legia,2,1,32,32,2020-06-27T17:30:00+02:00,258,16
2019/2020,2020-07-12T17:30:00+02:00,lechia,2,6,34,34,2020-07-05T17:30:00+02:00,269,16
2019/2020,2020-07-19T17:30:00+02:00,jagiellonia,2,9,34,34,2020-07-12T17:30:00+02:00,277,16
2020/2021,2020-09-20T17:30:00+02:00,warta,10,15,3,3,2020-09-13T17:30:00+02:00,21,16
2021/2022,2021-07-23T20:30:00+02:00,radomiak,5,10,0,0,2021-07-16T20:30:00+02:00,0,18
2021/2022,2021-08-06T20:30:00+02:00,cracovia,13,7,1,1,2021-07-30T20:30:00+02:00,9,18
2021/2022,2021-08-22T17:30:00+02:00,lechia,1,2,4,4,2021-08-15T17:30:00+02:00,31,18
2021/2022,2021-08-28T17:30:00+02:00,pogon,1,5,4,4,2021-08-21T17:30:00+02:00,36,18
2021/2022,2021-09-17T20:30:00+02:00,wisla_krakow,1,3,6,6,2021-09-10T20:30:00+02:00,50,18
2021/2022,2021-10-02T17:30:00+02:00,slask,1,3,9,8,2021-09-25T17:30:00+02:00,70,18
2021/2022,2021-10-22T20:30:00+02:00,wisla_plock,1,14,10,10,2021-10-15T20:30:00+02:00,87,18
2021/2022,2021-11-20T20:00:00+01:00,piast,1,8,14,14,2021-11-13T20:00:00+01:00,123,18
2021/2022,2021-11-28T15:00:00+01:00,warta,1,16,15,15,2021-11-21T15:00:00+01:00,127,18
2021/2022,2021-12-19T15:00:00+01:00,gornik_zabrze,1,8,18,16,2021-12-12T15:00:00+01:00,154,18
2021/2022,2022-02-12T20:00:00+01:00,termalica,1,18,19,19,2022-02-05T20:00:00+01:00,172,18
2021/2022,2022-03-06T17:30:00+01:00,rakow,1,3,23,23,2022-02-27T17:30:00+01:00,202,18
2021/2022,2022-03-19T20:00:00+01:00,jagiellonia,2,11,24,24,2022-03-12T20:00:00+01:00,217,18
2021/2022,2022-04-09T17:30:00+02:00,legia,1,11,27,26,2022-04-02T17:30:00+02:00,236,18
2021/2022,2022-04-20T18:00:00+02:00,gornik_leczna,1,18,28,28,2022-04-13T18:00:00+02:00,252,18
2021/2022,2022-04-24T12:30:00+02:00,stal_mielec,1,13,29,29,2022-04-17T12:30:00+02:00,257,18
2021/2022,2022-05-21T17:30:00+02:00,zaglebie_lubin,1,14,32,32,2022-05-14T17:30:00+02:00,290,18
2022/2023,2022-07-16T15:00:00+02:00,stal_mielec,5,14,0,0,2022-07-09T15:00:00+02:00,0,18
2022/2023,2022-07-31T17:30:00+02:00,wisla_plock,15,1,1,2,2022-07-24T17:30:00+02:00,13,18
2022/2023,2022-08-14T20:00:00+02:00,slask,17,8,2,4,2022-08-07T20:00:00+02:00,29,18
2022/2023,2022-08-28T17:30:00+02:00,piast,17,15,4,4,2022-08-21T17:30:00+02:00,47,18
2022/2023,2022-09-04T17:30:00+02:00,widzew,18,6,4,7,2022-08-28T17:30:00+02:00,55,18
2022/2023,2022-10-01T17:30:00+02:00,legia,7,1,9,10,2022-09-24T17:30:00+02:00,87,18
2022/2023,2022-10-09T17:30:00+02:00,radomiak,8,9,10,11,2022-10-02T17:30:00+02:00,92,18
2022/2023,2022-10-30T17:30:00+01:00,rakow,7,1,12,14,2022-10-23T18:30:00+02:00,119,18
2022/2023,2022-11-06T17:30:00+01:00,korona,7,16,13,15,2022-10-30T17:30:00+01:00,129,18
2022/2023,2023-02-05T15:00:00+01:00,miedz,5,17,17,17,2023-01-29T15:00:00+01:00,157,18
2022/2023,2023-02-19T15:00:00+01:00,zaglebie_lubin,3,15,20,19,2023-02-12T15:00:00+01:00,175,18
2022/2023,2023-03-03T20:30:00+01:00,lechia,3,15,21,21,2023-02-24T20:30:00+01:00,188,18
2022/2023,2023-04-02T17:30:00+02:00,pogon,3,4,25,25,2023-03-26T17:30:00+02:00,225,18
2022/2023,2023-04-08T20:00:00+02:00,warta,3,5,25,26,2023-04-01T20:00:00+02:00,227,18
2022/2023,2023-04-30T17:30:00+02:00,gornik_zabrze,4,14,28,28,2023-04-23T17:30:00+02:00,257,18
2022/2023,2023-05-06T17:30:00+02:00,cracovia,4,7,29,29,2023-04-29T17:30:00+02:00,263,18
2022/2023,2023-05-27T17:30:00+02:00,jagiellonia,3,12,33,32,2023-05-20T17:30:00+02:00,290,18
2023/2024,2023-07-30T17:30:00+02:00,radomiak,3,10,1,0,2023-07-23T17:30:00+02:00,5,18
2023/2024,2023-09-02T20:00:00+02:00,gornik_zabrze,9,15,4,5,2023-08-26T20:00:00+02:00,43,18
2023/2024,2023-09-23T20:00:00+02:00,stal_mielec,11,9,5,7,2023-09-16T20:00:00+02:00,60,18
2023/2024,2023-09-28T20:00:00+02:00,rakow,7,4,6,6,2023-09-21T20:00:00+02:00,67,18
2023/2024,2023-10-06T20:40:00+02:00,puszcza,3,15,8,9,2023-09-29T20:40:00+02:00,78,18
2023/2024,2023-10-21T20:00:00+02:00,lks,5,18,10,11,2023-10-14T20:00:00+02:00,96,18
2023/2024,2023-10-24T18:00:00+02:00,jagiellonia,5,3,10,10,2023-10-17T18:00:00+02:00,96,18
2023/2024,2023-11-04T20:00:00+01:00,ruch,3,17,12,11,2023-10-28T21:00:00+02:00,107,18
2023/2024,2023-11-26T17:30:00+01:00,widzew,3,9,15,15,2023-11-19T17:30:00+01:00,133,18
2023/2024,2023-12-10T12:30:00+01:00,piast,3,12,17,16,2023-12-03T12:30:00+01:00,146,18
2023/2024,2024-02-10T20:00:00+01:00,zaglebie_lubin,3,8,19,19,2024-02-03T20:00:00+01:00,168,18
2023/2024,2024-02-24T17:30:00+01:00,slask,4,2,20,21,2024-02-17T17:30:00+01:00,179,18
2023/2024,2024-03-15T20:30:00+01:00,warta,4,12,23,23,2024-03-08T20:30:00+01:00,205,18
2023/2024,2024-04-07T15:00:00+02:00,pogon,5,4,25,26,2024-03-31T15:00:00+02:00,229,18
2023/2024,2024-04-28T17:30:00+02:00,cracovia,3,13,28,28,2024-04-21T17:30:00+02:00,257,18
2023/2024,2024-05-12T17:30:00+02:00,legia,3,5,31,30,2024-05-05T17:30:00+02:00,275,18
2023/2024,2024-05-25T17:30:00+02:00,korona,7,16,32,32,2024-05-18T17:30:00+02:00,290,18
2024/2025,2024-07-21T17:30:00+02:00,gornik_zabrze,6,3,0,0,2024-07-14T17:30:00+02:00,0,18
2024/2025,2024-08-03T20:15:00+02:00,lechia,3,15,1,2,2024-07-27T20:15:00+02:00,11,18
2024/2025,2024-08-25T17:30:00+02:00,pogon,2,1,5,5,2024-08-18T17:30:00+02:00,39,18
2024/2025,2024-09-14T20:15:00+02:00,jagiellonia,1,6,7,6,2024-09-07T20:15:00+02:00,61,18
2024/2025,2024-09-22T17:30:00+02:00,slask,1,17,8,6,2024-09-15T17:30:00+02:00,66,18
2024/2025,2024-10-05T20:15:00+02:00,motor,1,12,9,9,2024-09-28T20:15:00+02:00,81,18
2024/2025,2024-10-26T20:15:00+02:00,radomiak,1,15,11,10,2024-10-19T20:15:00+02:00,99,18
2024/2025,2024-11-10T17:30:00+01:00,legia,1,5,14,13,2024-11-03T17:30:00+01:00,119,18
2024/2025,2024-11-23T17:30:00+01:00,gks_katowice,1,11,15,15,2024-11-16T17:30:00+01:00,134,18
2024/2025,2025-01-31T20:30:00+01:00,widzew,1,9,18,18,2025-01-24T20:30:00+01:00,162,18
2024/2025,2025-02-14T20:30:00+01:00,rakow,1,3,19,19,2025-02-07T20:30:00+01:00,171,18
2024/2025,2025-02-23T17:30:00+01:00,zaglebie_lubin,1,14,21,20,2025-02-16T17:30:00+01:00,185,18
2024/2025,2025-03-08T20:15:00+01:00,stal_mielec,1,14,22,22,2025-03-01T20:15:00+01:00,200,18
2024/2025,2025-04-05T20:15:00+02:00,korona,3,11,25,25,2025-03-29T19:15:00+01:00,227,18
2024/2025,2025-04-21T20:15:00+02:00,cracovia,2,6,28,28,2025-04-14T20:15:00+02:00,251,18
2024/2025,2025-05-03T20:15:00+02:00,puszcza,2,15,29,30,2025-04-26T20:15:00+02:00,263,18
2024/2025,2025-05-24T17:30:00+02:00,piast,1,11,32,32,2025-05-17T17:30:00+02:00,290,18
2025/2026,2025-07-18T20:30:00+02:00,cracovia,7,2,0,0,2025-07-11T20:30:00+02:00,0,18
2025/2026,2025-08-02T20:15:00+02:00,gornik_zabrze,16,5,1,1,2025-07-26T20:15:00+02:00,10,18
2025/2026,2025-08-16T20:15:00+02:00,korona,7,10,3,4,2025-08-09T20:15:00+02:00,27,18
2025/2026,2025-08-31T17:30:00+02:00,widzew,10,9,4,6,2025-08-24T17:30:00+02:00,45,18
2025/2026,2025-09-12T20:30:00+02:00,zaglebie_lubin,6,15,5,6,2025-09-05T20:30:00+02:00,57,18
2025/2026,2025-09-28T14:45:00+02:00,jagiellonia,6,3,7,7,2025-09-21T14:45:00+02:00,71,18
2025/2026,2025-10-19T14:45:00+02:00,pogon,6,12,10,11,2025-10-12T14:45:00+02:00,94,18
2025/2026,2025-11-02T14:45:00+01:00,motor,6,15,11,12,2025-10-26T14:45:00+01:00,108,18
2025/2026,2025-11-23T14:45:00+01:00,radomiak,8,5,14,15,2025-11-16T14:45:00+01:00,130,18
2025/2026,2026-01-31T20:15:00+01:00,lechia,8,9,17,18,2026-01-24T20:15:00+01:00,160,18
2025/2026,2026-02-15T17:30:00+01:00,piast,8,12,20,19,2026-02-08T17:30:00+01:00,174,18
2025/2026,2026-03-01T17:30:00+01:00,rakow,7,3,21,22,2026-02-22T17:30:00+01:00,192,18
2025/2026,2026-03-22T14:45:00+01:00,termalica,3,18,24,25,2026-03-15T14:45:00+01:00,220,18
2025/2026,2026-04-12T17:30:00+02:00,gks_katowice,1,8,27,27,2026-04-05T17:30:00+02:00,238,18
2025/2026,2026-04-26T17:30:00+02:00,legia,1,11,29,29,2026-04-19T17:30:00+02:00,257,18
2025/2026,2026-05-08T20:30:00+02:00,arka,1,17,30,30,2026-05-01T20:30:00+02:00,270,18
2025/2026,2026-05-23T17:30:00+02:00,wisla_plock,1,7,32,32,2026-05-16T17:30:00+02:00,290,18
