season,match_date,opponent_key,attendance,capacity_constrained_for_model,round_no,season_progress,matches_remaining_after
2017/2018,2017-07-16T18:00:00+02:00,sandecja,18667,False,1,0.0,36
2017/2018,2017-07-30T18:00:00+02:00,piast,13783,False,3,0.05405,34
2017/2018,2017-08-12T18:00:00+02:00,zaglebie_lubin,15121,False,5,0.10811,32
2017/2018,2017-08-27T15:30:00+02:00,arka,20574,False,7,0.16216,30
2017/2018,2017-09-15T20:30:00+02:00,korona,20581,False,9,0.21622,28
2017/2018,2017-10-01T18:00:00+02:00,legia,36829,False,11,0.27027,26
2017/2018,2017-10-27T20:30:00+02:00,wisla_krakow,26361,False,14,0.35135,23
2017/2018,2017-11-26T15:30:00+01:00,wisla_plock,13587,False,17,0.43243,20
2017/2018,2017-12-10T18:00:00+01:00,cracovia,20692,False,19,0.48649,18
2017/2018,2017-12-17T15:30:00+01:00,termalica,8102,False,21,0.54054,16
2017/2018,2018-02-18T18:00:00+01:00,pogon,14348,False,23,0.59459,14
2017/2018,2018-02-28T20:30:00+01:00,slask,4376,False,25,0.64865,12
2017/2018,2018-03-11T15:30:00+01:00,jagiellonia,28587,False,27,0.7027,10
2017/2018,2018-03-16T20:30:00+01:00,lechia,14104,False,28,0.72973,9
2017/2018,2018-04-07T18:00:00+02:00,gornik_zabrze,34028,False,30,0.78378,7
2017/2018,2018-04-13T20:30:00+02:00,korona,20054,False,31,0.81081,6
2017/2018,2018-04-28T20:30:00+02:00,gornik_zabrze,28629,False,33,0.86486,4
2017/2018,2018-05-09T20:30:00+02:00,jagiellonia,24288,False,35,0.91892,2
2017/2018,2018-05-20T18:00:00+02:00,legia,27617,False,37,0.97297,0
2018/2019,2018-08-19T18:00:00+02:00,wisla_krakow,13141,False,5,0.10811,32
2018/2019,2018-09-01T20:30:00+02:00,piast,8139,False,7,0.16216,30
2018/2019,2018-09-30T18:00:00+02:00,miedz,20846,False,10,0.24324,27
2018/2019,2018-10-20T20:30:00+02:00,korona,9487,False,12,0.2973,25
2018/2019,2018-11-04T18:00:00+01:00,lechia,8059,False,14,0.35135,23
2018/2019,2018-11-24T18:00:00+01:00,wisla_plock,8442,False,16,0.40541,21
2018/2019,2018-12-07T20:30:00+01:00,slask,12545,False,18,0.45946,19
2018/2019,2019-02-08T20:30:00+01:00,zaglebie_lubin,12719,False,21,0.54054,16
2018/2019,2019-02-23T18:00:00+01:00,legia,24164,False,23,0.59459,14
2018/2019,2019-03-03T18:00:00+01:00,arka,18587,False,24,0.62162,13
2018/2019,2019-03-15T20:30:00+01:00,gornik_zabrze,9881,False,26,0.67568,11
2018/2019,2019-04-03T18:00:00+02:00,pogon,7112,False,28,0.72973,9
2018/2019,2019-04-13T18:00:00+02:00,jagiellonia,10824,False,30,0.78378,7
2018/2019,2019-04-24T20:30:00+02:00,legia,11935,False,32,0.83784,5
2018/2019,2019-05-04T18:00:00+02:00,zaglebie_lubin,7855,False,34,0.89189,3
2018/2019,2019-05-15T20:30:00+02:00,lechia,7516,False,36,0.94595,1
2019/2020,2019-07-26T20:30:00+02:00,wisla_plock,16616,False,2,0.02703,35
2019/2020,2019-08-09T20:30:00+02:00,slask,32307,False,4,0.08108,33
2019/2020,2019-09-01T17:30:00+02:00,cracovia,25768,False,7,0.16216,30
2019/2020,2019-09-20T20:30:00+02:00,jagiellonia,11947,False,9,0.21622,28
2019/2020,2019-10-05T17:30:00+02:00,wisla_krakow,15089,False,11,0.27027,26
2019/2020,2019-10-25T20:30:00+02:00,zaglebie_lubin,12417,False,13,0.32432,24
2019/2020,2019-11-10T15:00:00+01:00,korona,22179,False,15,0.37838,22
2019/2020,2019-11-22T20:30:00+01:00,piast,8241,False,16,0.40541,21
2019/2020,2019-12-07T17:30:00+01:00,lks,9830,False,18,0.45946,19
2019/2020,2019-12-19T20:30:00+01:00,arka,7641,False,20,0.51351,17
2019/2020,2020-02-08T17:30:00+01:00,rakow,10872,False,21,0.54054,16
2019/2020,2020-02-23T17:30:00+01:00,lechia,12693,False,23,0.59459,14
2019/2020,2020-03-03T18:00:00+01:00,gornik_zabrze,8634,False,25,0.64865,12
2019/2020,2020-07-04T17:30:00+02:00,legia,8167,True,34,0.89189,3
2019/2020,2020-07-12T17:30:00+02:00,lechia,6432,True,35,0.91892,2
2019/2020,2020-07-19T17:30:00+02:00,jagiellonia,8483,True,37,0.97297,0
2020/2021,2020-09-20T17:30:00+02:00,warta,17546,True,4,0.1,26
2021/2022,2021-07-23T20:30:00+02:00,radomiak,10177,True,1,0.0,33
2021/2022,2021-08-06T20:30:00+02:00,cracovia,9111,True,3,0.05882,31
2021/2022,2021-08-22T17:30:00+02:00,lechia,14652,True,5,0.11765,29
2021/2022,2021-08-28T17:30:00+02:00,pogon,17611,True,6,0.14706,28
2021/2022,2021-09-17T20:30:00+02:00,wisla_krakow,26890,False,8,0.20588,26
2021/2022,2021-10-02T17:30:00+02:00,slask,28808,False,10,0.26471,24
2021/2022,2021-10-22T20:30:00+02:00,wisla_plock,20077,False,12,0.32353,22
2021/2022,2021-11-20T20:00:00+01:00,piast,18055,False,15,0.41176,19
2021/2022,2021-11-28T15:00:00+01:00,warta,22799,False,16,0.44118,18
2021/2022,2021-12-19T15:00:00+01:00,gornik_zabrze,15852,False,19,0.52941,15
2021/2022,2022-02-12T20:00:00+01:00,termalica,13151,False,21,0.58824,13
2021/2022,2022-03-06T17:30:00+01:00,rakow,27534,False,24,0.67647,10
2021/2022,2022-03-19T20:00:00+01:00,jagiellonia,40072,False,26,0.73529,8
2021/2022,2022-04-09T17:30:00+02:00,legia,39225,False,28,0.79412,6
2021/2022,2022-04-20T18:00:00+02:00,gornik_leczna,12140,False,30,0.85294,4
2021/2022,2022-04-24T12:30:00+02:00,stal_mielec,26352,False,31,0.88235,3
2021/2022,2022-05-21T17:30:00+02:00,zaglebie_lubin,41008,False,34,0.97059,0
2022/2023,2022-07-16T15:00:00+02:00,stal_mielec,12421,False,1,0.0,33
2022/2023,2022-07-31T17:30:00+02:00,wisla_plock,14131,False,2,0.02941,32
2022/2023,2022-08-14T20:00:00+02:00,slask,11627,False,4,0.08824,30
2022/2023,2022-08-28T17:30:00+02:00,piast,11223,False,5,0.11765,29
2022/2023,2022-09-04T17:30:00+02:00,widzew,23725,False,7,0.17647,27
2022/2023,2022-10-01T17:30:00+02:00,legia,35410,False,10,0.26471,24
2022/2023,2022-10-09T17:30:00+02:00,radomiak,20883,False,11,0.29412,23
2022/2023,2022-10-30T17:30:00+01:00,rakow,22817,False,14,0.38235,20
2022/2023,2022-11-06T17:30:00+01:00,korona,12745,False,15,0.41176,19
2022/2023,2023-02-05T15:00:00+01:00,miedz,10820,False,19,0.52941,15
2022/2023,2023-02-19T15:00:00+01:00,zaglebie_lubin,13074,False,21,0.58824,13
2022/2023,2023-03-03T20:30:00+01:00,lechia,12541,False,23,0.64706,11
2022/2023,2023-04-02T17:30:00+02:00,pogon,32119,False,26,0.73529,8
2022/2023,2023-04-08T20:00:00+02:00,warta,20622,False,27,0.76471,7
2022/2023,2023-04-30T17:30:00+02:00,gornik_zabrze,28112,False,30,0.85294,4
2022/2023,2023-05-06T17:30:00+02:00,cracovia,31123,False,31,0.88235,3
2022/2023,2023-05-27T17:30:00+02:00,jagiellonia,39123,False,34,0.97059,0
2023/2024,2023-07-30T17:30:00+02:00,radomiak,23198,False,2,0.02941,32
2023/2024,2023-09-02T20:00:00+02:00,gornik_zabrze,22047,False,5,0.11765,29
2023/2024,2023-09-23T20:00:00+02:00,stal_mielec,15527,False,7,0.17647,27
2023/2024,2023-09-28T20:00:00+02:00,rakow,21874,False,8,0.20588,26
2023/2024,2023-10-06T20:40:00+02:00,puszcza,25755,False,10,0.26471,24
2023/2024,2023-10-21T20:00:00+02:00,lks,25026,False,11,0.29412,23
2023/2024,2023-10-24T18:00:00+02:00,jagiellonia,15372,False,12,0.32353,22
2023/2024,2023-11-04T20:00:00+01:00,ruch,24086,False,14,0.38235,20
2023/2024,2023-11-26T17:30:00+01:00,widzew,25811,False,16,0.44118,18
2023/2024,2023-12-10T12:30:00+01:00,piast,14104,False,18,0.5,16
2023/2024,2024-02-10T20:00:00+01:00,zaglebie_lubin,18256,False,20,0.55882,14
2023/2024,2024-02-24T17:30:00+01:00,slask,32568,False,22,0.61765,12
2023/2024,2024-03-15T20:30:00+01:00,warta,23361,False,25,0.70588,9
2023/2024,2024-04-07T15:00:00+02:00,pogon,34207,False,27,0.76471,7
2023/2024,2024-04-28T17:30:00+02:00,cracovia,40362,False,30,0.85294,4
2023/2024,2024-05-12T17:30:00+02:00,legia,40278,False,32,0.91176,2
2023/2024,2024-05-25T17:30:00+02:00,korona,20653,False,34,0.97059,0
2024/2025,2024-07-21T17:30:00+02:00,gornik_zabrze,19620,False,1,0.0,33
2024/2025,2024-08-03T20:15:00+02:00,lechia,20383,False,3,0.05882,31
2024/2025,2024-08-25T17:30:00+02:00,pogon,29156,False,6,0.14706,28
2024/2025,2024-09-14T20:15:00+02:00,jagiellonia,32365,False,8,0.20588,26
2024/2025,2024-09-22T17:30:00+02:00,slask,34285,False,9,0.23529,25
2024/2025,2024-10-05T20:15:00+02:00,motor,24368,False,11,0.29412,23
2024/2025,2024-10-26T20:15:00+02:00,radomiak,32648,False,13,0.35294,21
2024/2025,2024-11-10T17:30:00+01:00,legia,40838,False,15,0.41176,19
2024/2025,2024-11-23T17:30:00+01:00,gks_katowice,28254,False,16,0.44118,18
2024/2025,2025-01-31T20:30:00+01:00,widzew,30542,False,19,0.52941,15
2024/2025,2025-02-14T20:30:00+01:00,rakow,28247,False,21,0.58824,13
2024/2025,2025-02-23T17:30:00+01:00,zaglebie_lubin,16610,False,22,0.61765,12
2024/2025,2025-03-08T20:15:00+01:00,stal_mielec,23281,False,24,0.67647,10
2024/2025,2025-04-05T20:15:00+02:00,korona,37457,False,27,0.76471,7
2024/2025,2025-04-21T20:15:00+02:00,cracovia,27708,False,29,0.82353,5
2024/2025,2025-05-03T20:15:00+02:00,puszcza,25226,False,31,0.88235,3
2024/2025,2025-05-24T17:30:00+02:00,piast,41109,False,34,0.97059,0
2025/2026,2025-07-18T20:30:00+02:00,cracovia,29123,False,1,0.0,33
2025/2026,2025-08-02T20:15:00+02:00,gornik_zabrze,31223,False,3,0.05882,31
2025/2026,2025-08-16T20:15:00+02:00,korona,24303,False,4,0.08824,30
2025/2026,2025-08-31T17:30:00+02:00,widzew,32877,False,5,0.11765,29
2025/2026,2025-09-12T20:30:00+02:00,zaglebie_lubin,24618,False,6,0.14706,28
2025/2026,2025-09-28T14:45:00+02:00,jagiellonia,35299,False,9,0.23529,25
2025/2026,2025-10-19T14:45:00+02:00,pogon,39496,False,11,0.29412,23
2025/2026,2025-11-02T14:45:00+01:00,motor,22692,False,13,0.35294,21
2025/2026,2025-11-23T14:45:00+01:00,radomiak,33877,False,15,0.41176,19
2025/2026,2026-01-31T20:15:00+01:00,lechia,17827,False,18,0.5,16
2025/2026,2026-02-15T17:30:00+01:00,piast,14638,False,21,0.58824,13
2025/2026,2026-03-01T17:30:00+01:00,rakow,26824,False,23,0.64706,11
2025/2026,2026-03-22T14:45:00+01:00,termalica,36239,False,26,0.73529,8
2025/2026,2026-04-12T17:30:00+02:00,gks_katowice,35145,False,28,0.79412,6
2025/2026,2026-04-26T17:30:00+02:00,legia,40810,False,30,0.85294,4
2025/2026,2026-05-08T20:30:00+02:00,arka,41598,False,32,0.91176,2
2025/2026,2026-05-23T17:30:00+02:00,wisla_plock,41529,False,34,0.97059,0
