season,match_date,opponent,opponent_key,attendance,pred,err,ae,pred_final,err_final,ae_final
2022/2023,2022-07-16 15:00:00,Stal M.,stal_mielec,12421.0,9496.095476169512,-2924.904523830488,2924.904523830488,9496.095476169512,-2924.904523830488,2924.904523830488
2022/2023,2022-07-31 17:30:00,Wisła Pł.,wisla_plock,14131.0,14034.419575539703,-96.58042446029685,96.58042446029685,14034.419575539703,-96.58042446029685,96.58042446029685
2022/2023,2022-08-14 20:00:00,Śląsk,slask,11627.0,22267.28191914627,10640.28191914627,10640.28191914627,22267.28191914627,10640.28191914627,10640.28191914627
2022/2023,2022-08-28 17:30:00,Piast,piast,11223.0,17829.94882320665,6606.948823206651,6606.948823206651,17829.94882320665,6606.948823206651,6606.948823206651
2022/2023,2022-09-04 17:30:00,Widzew,widzew,23725.0,22835.623008112576,-889.3769918874241,889.3769918874241,22835.623008112576,-889.3769918874241,889.3769918874241
2022/2023,2022-10-01 17:30:00,Legia,legia,35410.0,35639.196006300524,229.19600630052446,229.19600630052446,35639.196006300524,229.19600630052446,229.19600630052446
2022/2023,2022-10-09 17:30:00,Radomiak,radomiak,20883.0,20680.56256928369,-202.43743071630888,202.43743071630888,20680.56256928369,-202.43743071630888,202.43743071630888
2022/2023,2022-10-30 17:30:00,Raków,rakow,22817.0,19378.913377228684,-3438.086622771316,3438.086622771316,19378.913377228684,-3438.086622771316,3438.086622771316
2022/2023,2022-11-06 17:30:00,Korona,korona,12745.0,21941.03638570266,9196.03638570266,9196.03638570266,21941.03638570266,9196.03638570266,9196.03638570266
2022/2023,2023-02-05 15:00:00,Miedź,miedz,10820.0,10632.06125712076,-187.93874287923973,187.93874287923973,10632.06125712076,-187.93874287923973,187.93874287923973
2022/2023,2023-02-19 15:00:00,Zagłębie L.,zaglebie_lubin,13074.0,12978.234163478193,-95.7658365218067,95.7658365218067,12978.234163478193,-95.7658365218067,95.7658365218067
2022/2023,2023-03-03 20:30:00,Lechia,lechia,12541.0,18682.33752140493,6141.33752140493,6141.33752140493,18682.33752140493,6141.33752140493,6141.33752140493
2022/2023,2023-04-02 17:30:00,Pogoń,pogon,32119.0,31313.600884261505,-805.3991157384953,805.3991157384953,31313.600884261505,-805.3991157384953,805.3991157384953
2022/2023,2023-04-08 20:00:00,Warta,warta,20622.0,25228.891861001342,4606.8918610013425,4606.8918610013425,25228.891861001342,4606.8918610013425,4606.8918610013425
2022/2023,2023-04-30 17:30:00,Górnik Z.,gornik_zabrze,28112.0,38208.34463437827,10096.34463437827,10096.34463437827,38208.34463437827,10096.34463437827,10096.34463437827
2022/2023,2023-05-06 17:30:00,Cracovia,cracovia,31123.0,23785.805473522676,-7337.194526477324,7337.194526477324,23785.805473522676,-7337.194526477324,7337.194526477324
2022/2023,2023-05-27 17:30:00,Jagiellonia,jagiellonia,39123.0,30210.5759423144,-8912.4240576856,8912.4240576856,30210.5759423144,-8912.4240576856,8912.4240576856
2023/2024,2023-07-30 17:30:00,Radomiak,radomiak,23198.0,12994.271780523322,-10203.728219476678,10203.728219476678,12994.271780523322,-10203.728219476678,10203.728219476678
2023/2024,2023-09-02 20:00:00,Górnik Z.,gornik_zabrze,22047.0,23997.953092180363,1950.9530921803635,1950.9530921803635,23997.953092180363,1950.9530921803635,1950.9530921803635
2023/2024,2023-09-23 20:00:00,Stal M.,stal_mielec,15527.0,18052.74621202833,2525.746212028331,2525.746212028331,18052.74621202833,2525.746212028331,2525.746212028331
2023/2024,2023-09-28 20:00:00,Raków,rakow,21874.0,14645.222250722676,-7228.777749277324,7228.777749277324,14645.222250722676,-7228.777749277324,7228.777749277324
2023/2024,2023-10-06 20:40:00,Puszcza,puszcza,25755.0,18815.536043332293,-6939.463956667707,6939.463956667707,18815.536043332293,-6939.463956667707,6939.463956667707
2023/2024,2023-10-21 20:00:00,ŁKS,lks,25026.0,24546.022046231945,-479.97795376805516,479.97795376805516,24546.022046231945,-479.97795376805516,479.97795376805516
2023/2024,2023-10-24 18:00:00,Jagiellonia,jagiellonia,15372.0,17229.24245695143,1857.2424569514296,1857.2424569514296,17229.24245695143,1857.2424569514296,1857.2424569514296
2023/2024,2023-11-04 20:00:00,Ruch,ruch,24086.0,23508.003637900303,-577.9963620996969,577.9963620996969,23508.003637900303,-577.9963620996969,577.9963620996969
2023/2024,2023-11-26 17:30:00,Widzew,widzew,25811.0,23828.60003122422,-1982.3999687757787,1982.3999687757787,23828.60003122422,-1982.3999687757787,1982.3999687757787
2023/2024,2023-12-10 12:30:00,Piast,piast,14104.0,14305.735088705726,201.7350887057255,201.7350887057255,14305.735088705726,201.7350887057255,201.7350887057255
2023/2024,2024-02-10 20:00:00,Zagłębie L.,zaglebie_lubin,18256.0,12690.886011476008,-5565.113988523992,5565.113988523992,12690.886011476008,-5565.113988523992,5565.113988523992
2023/2024,2024-02-24 17:30:00,Śląsk,slask,32568.0,16250.769927565578,-16317.230072434422,16317.230072434422,16250.769927565578,-16317.230072434422,16317.230072434422
2023/2024,2024-03-15 20:30:00,Warta,warta,23361.0,17524.89276376564,-5836.107236234358,5836.107236234358,17524.89276376564,-5836.107236234358,5836.107236234358
2023/2024,2024-04-07 15:00:00,Pogoń,pogon,34207.0,25870.406570918472,-8336.593429081528,8336.593429081528,25870.406570918472,-8336.593429081528,8336.593429081528
2023/2024,2024-04-28 17:30:00,Cracovia,cracovia,40362.0,32387.33622959996,-7974.663770400039,7974.663770400039,32387.33622959996,-7974.663770400039,7974.663770400039
2023/2024,2024-05-12 17:30:00,Legia,legia,40278.0,39482.43161070383,-795.5683892961679,795.5683892961679,39482.43161070383,-795.5683892961679,795.5683892961679
2023/2024,2024-05-25 17:30:00,Korona,korona,20653.0,22720.5575980456,2067.5575980456015,2067.5575980456015,22720.5575980456,2067.5575980456015,2067.5575980456015
2024/2025,2024-07-21 17:30:00,Górnik Z.,gornik_zabrze,19620.0,24044.12325972119,4424.123259721189,4424.123259721189,24044.12325972119,4424.123259721189,4424.123259721189
2024/2025,2024-08-03 20:15:00,Lechia,lechia,20383.0,13970.980324255217,-6412.019675744783,6412.019675744783,13970.980324255217,-6412.019675744783,6412.019675744783
2024/2025,2024-08-25 17:30:00,Pogoń,pogon,29156.0,24126.373125578233,-5029.626874421767,5029.626874421767,24126.373125578233,-5029.626874421767,5029.626874421767
2024/2025,2024-09-14 20:15:00,Jagiellonia,jagiellonia,32365.0,28682.394495651068,-3682.6055043489323,3682.6055043489323,28682.394495651068,-3682.6055043489323,3682.6055043489323
2024/2025,2024-09-22 17:30:00,Śląsk,slask,34285.0,34272.520954827254,-12.479045172745828,12.479045172745828,34272.520954827254,-12.479045172745828,12.479045172745828
2024/2025,2024-10-05 20:15:00,Motor,motor,24368.0,29458.792086223133,5090.792086223133,5090.792086223133,29458.792086223133,5090.792086223133,5090.792086223133
2024/2025,2024-10-26 20:15:00,Radomiak,radomiak,32648.0,28948.690979106133,-3699.3090208938665,3699.3090208938665,28948.690979106133,-3699.3090208938665,3699.3090208938665
2024/2025,2024-11-10 17:30:00,Legia,legia,40838.0,42811.255238823316,1973.2552388233162,1973.2552388233162,42811.255238823316,1973.2552388233162,1973.2552388233162
2024/2025,2024-11-23 17:30:00,GKS K.,gks_katowice,28254.0,30910.780013703086,2656.7800137030863,2656.7800137030863,30910.780013703086,2656.7800137030863,2656.7800137030863
2024/2025,2025-01-31 20:30:00,Widzew,widzew,30542.0,23668.921438599886,-6873.078561400114,6873.078561400114,23668.921438599886,-6873.078561400114,6873.078561400114
2024/2025,2025-02-14 20:30:00,Raków,rakow,28247.0,26573.42338322939,-1673.5766167706097,1673.5766167706097,26573.42338322939,-1673.5766167706097,1673.5766167706097
2024/2025,2025-02-23 17:30:00,Zagłębie L.,zaglebie_lubin,16610.0,27234.824079790425,10624.824079790425,10624.824079790425,27234.824079790425,10624.824079790425,10624.824079790425
2024/2025,2025-03-08 20:15:00,Stal M.,stal_mielec,23281.0,29328.09209035548,6047.09209035548,6047.09209035548,29328.09209035548,6047.09209035548,6047.09209035548
2024/2025,2025-04-05 20:15:00,Korona,korona,37457.0,32151.364575128006,-5305.6354248719945,5305.6354248719945,32151.364575128006,-5305.6354248719945,5305.6354248719945
2024/2025,2025-04-21 20:15:00,Cracovia,cracovia,27708.0,28636.289389509086,928.2893895090856,928.2893895090856,28636.289389509086,928.2893895090856,928.2893895090856
2024/2025,2025-05-03 20:15:00,Puszcza,puszcza,25226.0,32502.497483144394,7276.497483144394,7276.497483144394,32502.497483144394,7276.497483144394,7276.497483144394
2024/2025,2025-05-24 17:30:00,Piast,piast,41109.0,32659.21923252331,-8449.780767476688,8449.780767476688,32659.21923252331,-8449.780767476688,8449.780767476688
2025/2026,2025-07-18 20:30:00,Cracovia,cracovia,29123.0,25045.469772991455,-4077.530227008545,4077.530227008545,25045.469772991455,-4077.530227008545,4077.530227008545
2025/2026,2025-08-02 20:15:00,Górnik Z.,gornik_zabrze,31223.0,29655.995284866167,-1567.004715133833,1567.004715133833,29655.995284866167,-1567.004715133833,1567.004715133833
2025/2026,2025-08-16 20:15:00,Korona,korona,24303.0,28316.65767527375,4013.657675273749,4013.657675273749,28316.65767527375,4013.657675273749,4013.657675273749
2025/2026,2025-08-31 17:30:00,Widzew,widzew,32877.0,30907.715559993892,-1969.2844400061076,1969.2844400061076,30907.715559993892,-1969.2844400061076,1969.2844400061076
2025/2026,2025-09-12 20:30:00,Zagłębie L.,zaglebie_lubin,24618.0,27876.051134161287,3258.0511341612873,3258.0511341612873,27876.051134161287,3258.0511341612873,3258.0511341612873
2025/2026,2025-09-28 14:45:00,Jagiellonia,jagiellonia,35299.0,36978.675194021795,1679.6751940217946,1679.6751940217946,36978.675194021795,1679.6751940217946,1679.6751940217946
2025/2026,2025-10-19 14:45:00,Pogoń,pogon,39496.0,29458.88172558969,-10037.11827441031,10037.11827441031,29458.88172558969,-10037.11827441031,10037.11827441031
2025/2026,2025-11-02 14:45:00,Motor,motor,22692.0,26853.126908824226,4161.126908824226,4161.126908824226,26853.126908824226,4161.126908824226,4161.126908824226
2025/2026,2025-11-23 14:45:00,Radomiak,radomiak,33877.0,30770.114732155347,-3106.885267844653,3106.885267844653,30770.114732155347,-3106.885267844653,3106.885267844653
2025/2026,2026-01-31 20:15:00,Lechia,lechia,17827.0,15075.403890029642,-2751.596109970358,2751.596109970358,15075.403890029642,-2751.596109970358,2751.596109970358
2025/2026,2026-02-15 17:30:00,Piast,piast,14638.0,15187.445084226154,549.445084226154,549.445084226154,15187.445084226154,549.445084226154,549.445084226154
2025/2026,2026-03-01 17:30:00,Raków,rakow,26824.0,29906.092959354795,3082.0929593547953,3082.0929593547953,29906.092959354795,3082.0929593547953,3082.0929593547953
2025/2026,2026-03-22 14:45:00,Termalica,termalica,36239.0,34934.014494129864,-1304.985505870136,1304.985505870136,34934.014494129864,-1304.985505870136,1304.985505870136
2025/2026,2026-04-12 17:30:00,GKS K.,gks_katowice,35145.0,35166.849370151445,21.849370151445328,21.849370151445328,35166.849370151445,21.849370151445328,21.849370151445328
2025/2026,2026-04-26 17:30:00,Legia,legia,40810.0,46925.16454603024,6115.164546030239,6115.164546030239,43269.0,2459.0,2459.0
2025/2026,2026-05-08 20:30:00,Arka,arka,41598.0,40353.666289227825,-1244.3337107721745,1244.3337107721745,40353.666289227825,-1244.3337107721745,1244.3337107721745
2025/2026,2026-05-23 17:30:00,Wisła Pł.,wisla_plock,41529.0,37946.83606574968,-3582.1639342503186,3582.1639342503186,37946.83606574968,-3582.1639342503186,3582.1639342503186
