season,match_date,opponent,opponent_key,attendance,pred,err,ae
2022/2023,2022-07-16 15:00:00,Stal M.,stal_mielec,12421.0,9229.756678404274,-3191.2433215957262,3191.2433215957262
2022/2023,2022-07-31 17:30:00,Wisła Pł.,wisla_plock,14131.0,13802.431848230219,-328.56815176978125,328.56815176978125
2022/2023,2022-08-14 20:00:00,Śląsk,slask,11627.0,21865.653505451453,10238.653505451453,10238.653505451453
2022/2023,2022-08-28 17:30:00,Piast,piast,11223.0,17363.198080618247,6140.198080618247,6140.198080618247
2022/2023,2022-09-04 17:30:00,Widzew,widzew,23725.0,22558.21174652507,-1166.7882534749297,1166.7882534749297
2022/2023,2022-10-01 17:30:00,Legia,legia,35410.0,35159.932274887455,-250.0677251125453,250.0677251125453
2022/2023,2022-10-09 17:30:00,Radomiak,radomiak,20883.0,21615.56272671576,732.5627267157615,732.5627267157615
2022/2023,2022-10-30 17:30:00,Raków,rakow,22817.0,19784.45494099638,-3032.54505900362,3032.54505900362
2022/2023,2022-11-06 17:30:00,Korona,korona,12745.0,22354.06006478254,9609.060064782541,9609.060064782541
2022/2023,2023-02-05 15:00:00,Miedź,miedz,10820.0,10636.399459191201,-183.60054080879854,183.60054080879854
2022/2023,2023-02-19 15:00:00,Zagłębie L.,zaglebie_lubin,13074.0,12622.396469356041,-451.60353064395895,451.60353064395895
2022/2023,2023-03-03 20:30:00,Lechia,lechia,12541.0,18189.764216084834,5648.764216084834,5648.764216084834
2022/2023,2023-04-02 17:30:00,Pogoń,pogon,32119.0,31070.595423675055,-1048.404576324945,1048.404576324945
2022/2023,2023-04-08 20:00:00,Warta,warta,20622.0,24750.771629901465,4128.771629901465,4128.771629901465
2022/2023,2023-04-30 17:30:00,Górnik Z.,gornik_zabrze,28112.0,39052.84881297714,10940.848812977143,10940.848812977143
2022/2023,2023-05-06 17:30:00,Cracovia,cracovia,31123.0,23849.76263756425,-7273.23736243575,7273.23736243575
2022/2023,2023-05-27 17:30:00,Jagiellonia,jagiellonia,39123.0,30685.35526841668,-8437.644731583321,8437.644731583321
2023/2024,2023-07-30 17:30:00,Radomiak,radomiak,23198.0,13236.432172860053,-9961.567827139947,9961.567827139947
2023/2024,2023-09-02 20:00:00,Górnik Z.,gornik_zabrze,22047.0,23788.681451476255,1741.6814514762555,1741.6814514762555
2023/2024,2023-09-23 20:00:00,Stal M.,stal_mielec,15527.0,17865.663720335244,2338.663720335244,2338.663720335244
2023/2024,2023-09-28 20:00:00,Raków,rakow,21874.0,14306.344042898692,-7567.655957101308,7567.655957101308
2023/2024,2023-10-06 20:40:00,Puszcza,puszcza,25755.0,18535.650126638255,-7219.349873361745,7219.349873361745
2023/2024,2023-10-21 20:00:00,ŁKS,lks,25026.0,24523.241590833506,-502.75840916649395,502.75840916649395
2023/2024,2023-10-24 18:00:00,Jagiellonia,jagiellonia,15372.0,16875.047708388578,1503.047708388578,1503.047708388578
2023/2024,2023-11-04 20:00:00,Ruch,ruch,24086.0,23496.20881070229,-589.7911892977099,589.7911892977099
2023/2024,2023-11-26 17:30:00,Widzew,widzew,25811.0,23768.42314797204,-2042.5768520279598,2042.5768520279598
2023/2024,2023-12-10 12:30:00,Piast,piast,14104.0,13964.170746518568,-139.8292534814318,139.8292534814318
2023/2024,2024-02-10 20:00:00,Zagłębie L.,zaglebie_lubin,18256.0,12342.905917005653,-5913.0940829943465,5913.0940829943465
2023/2024,2024-02-24 17:30:00,Śląsk,slask,32568.0,15948.993049548597,-16619.006950451403,16619.006950451403
2023/2024,2024-03-15 20:30:00,Warta,warta,23361.0,17428.918384111632,-5932.081615888368,5932.081615888368
2023/2024,2024-04-07 15:00:00,Pogoń,pogon,34207.0,25575.815095818056,-8631.184904181944,8631.184904181944
2023/2024,2024-04-28 17:30:00,Cracovia,cracovia,40362.0,32222.668213095018,-8139.331786904982,8139.331786904982
2023/2024,2024-05-12 17:30:00,Legia,legia,40278.0,39245.88336649811,-1032.1166335018934,1032.1166335018934
2023/2024,2024-05-25 17:30:00,Korona,korona,20653.0,22358.554087306526,1705.5540873065256,1705.5540873065256
2024/2025,2024-07-21 17:30:00,Górnik Z.,gornik_zabrze,19620.0,24096.843959225054,4476.843959225054,4476.843959225054
2024/2025,2024-08-03 20:15:00,Lechia,lechia,20383.0,13996.453415377153,-6386.546584622847,6386.546584622847
2024/2025,2024-08-25 17:30:00,Pogoń,pogon,29156.0,23998.81798781227,-5157.182012187732,5157.182012187732
2024/2025,2024-09-14 20:15:00,Jagiellonia,jagiellonia,32365.0,28548.094179593107,-3816.9058204068933,3816.9058204068933
2024/2025,2024-09-22 17:30:00,Śląsk,slask,34285.0,34124.19635790508,-160.8036420949211,160.8036420949211
2024/2025,2024-10-05 20:15:00,Motor,motor,24368.0,29361.389310891835,4993.389310891835,4993.389310891835
2024/2025,2024-10-26 20:15:00,Radomiak,radomiak,32648.0,28925.608860144905,-3722.3911398550954,3722.3911398550954
2024/2025,2024-11-10 17:30:00,Legia,legia,40838.0,42730.71182070792,1892.7118207079184,1892.7118207079184
2024/2025,2024-11-23 17:30:00,GKS K.,gks_katowice,28254.0,30893.084303866155,2639.084303866155,2639.084303866155
2024/2025,2025-01-31 20:30:00,Widzew,widzew,30542.0,23625.20668294005,-6916.79331705995,6916.79331705995
2024/2025,2025-02-14 20:30:00,Raków,rakow,28247.0,26492.077859071745,-1754.9221409282545,1754.9221409282545
2024/2025,2025-02-23 17:30:00,Zagłębie L.,zaglebie_lubin,16610.0,27096.91389393652,10486.913893936518,10486.913893936518
2024/2025,2025-03-08 20:15:00,Stal M.,stal_mielec,23281.0,29188.26517349691,5907.265173496911,5907.265173496911
2024/2025,2025-04-05 20:15:00,Korona,korona,37457.0,32017.204795913764,-5439.7952040862365,5439.7952040862365
2024/2025,2025-04-21 20:15:00,Cracovia,cracovia,27708.0,28516.2370812818,808.2370812818008,808.2370812818008
2024/2025,2025-05-03 20:15:00,Puszcza,puszcza,25226.0,32415.50027887006,7189.5002788700585,7189.5002788700585
2024/2025,2025-05-24 17:30:00,Piast,piast,41109.0,32503.71286344971,-8605.28713655029,8605.28713655029
2025/2026,2025-07-18 20:30:00,Cracovia,cracovia,29123.0,25260.243861564515,-3862.756138435485,3862.756138435485
2025/2026,2025-08-02 20:15:00,Górnik Z.,gornik_zabrze,31223.0,29677.720396497847,-1545.279603502153,1545.279603502153
2025/2026,2025-08-16 20:15:00,Korona,korona,24303.0,28359.451702782408,4056.4517027824077,4056.4517027824077
2025/2026,2025-08-31 17:30:00,Widzew,widzew,32877.0,30882.349500983837,-1994.650499016163,1994.650499016163
2025/2026,2025-09-12 20:30:00,Zagłębie L.,zaglebie_lubin,24618.0,27868.605942857197,3250.605942857197,3250.605942857197
2025/2026,2025-09-28 14:45:00,Jagiellonia,jagiellonia,35299.0,36813.39398815349,1514.3939881534898,1514.3939881534898
2025/2026,2025-10-19 14:45:00,Pogoń,pogon,39496.0,29383.65675336811,-10112.343246631892,10112.343246631892
2025/2026,2025-11-02 14:45:00,Motor,motor,22692.0,27016.94707865312,4324.94707865312,4324.94707865312
2025/2026,2025-11-23 14:45:00,Radomiak,radomiak,33877.0,30585.831380616193,-3291.168619383807,3291.168619383807
2025/2026,2026-01-31 20:15:00,Lechia,lechia,17827.0,14869.161142726032,-2957.8388572739677,2957.8388572739677
2025/2026,2026-02-15 17:30:00,Piast,piast,14638.0,14964.008739515617,326.008739515617,326.008739515617
2025/2026,2026-03-01 17:30:00,Raków,rakow,26824.0,29854.61722650496,3030.617226504961,3030.617226504961
2025/2026,2026-03-22 14:45:00,Termalica,termalica,36239.0,35032.79509336559,-1206.2049066344116,1206.2049066344116
2025/2026,2026-04-12 17:30:00,GKS K.,gks_katowice,35145.0,35435.046143134896,290.04614313489583,290.04614313489583
2025/2026,2026-04-26 17:30:00,Legia,legia,40810.0,46929.04362613981,6119.043626139814,6119.043626139814
2025/2026,2026-05-08 20:30:00,Arka,arka,41598.0,40224.95928851055,-1373.0407114894479,1373.0407114894479
2025/2026,2026-05-23 17:30:00,Wisła Pł.,wisla_plock,41529.0,37719.61972138268,-3809.3802786173183,3809.3802786173183
